query_id,document_id
1,8t35z4gl
1,x1gces56
1,dhszlrmo
1,bwiyp73e
1,jkjyh4cs
1,6u623i0w
1,3xb4lumz
1,k9yus2sv
1,sdtxi8xw
1,zdv0ilti
1,gs7j6fxo
1,us7cv8ly
1,o4njvi62
1,5t38x587
1,2una9767
1,ds5mauer
1,d6by9p41
1,hewbl5yu
1,ssxq1ns2
1,u65mey2z
1,zy8qjaai
1,hsowmxan
1,4dtk1kyh
1,xpobtz3h
1,0rbgbsj8
1,7wirya95
1,dtv7to3l
1,pj8p2x9l
1,solp6ho1
1,z14rf85c
1,f03san07
1,zhxrlopp
1,4s6vxmy7
1,vexo81k5
1,z443e8lk
1,vahts6pu
1,xad3k5aw
1,zel9a3u6
1,gy8d8285
1,rcwck1y3
1,5lm5ttai
1,fuqtwn5a
1,5xki1ulf
1,zd7smm8r
1,81wv1s33
1,z2kgcjtp
1,1mpzjgk1
1,bglrptqj
1,7cb88t8n
1,69srun8l
2,kftchnhz
2,8t35z4gl
2,x1gces56
2,dhszlrmo
2,bwiyp73e
2,h5ufxzv9
2,526elsrf
2,lv8dvdp7
2,d2tx02m4
2,5g0almil
2,exqza1kg
2,og0zw56h
2,b32zmfru
2,jkjyh4cs
2,6u623i0w
2,3xb4lumz
2,60509txd
2,8ozauxlk
2,eoykmhv3
2,rnn8wr50
2,9tqivs5f
2,39yvniki
2,1llox90t
2,0x4zrfw3
2,zdv0ilti
2,nlubwytj
2,gs7j6fxo
2,us7cv8ly
2,o4njvi62
2,5t38x587
2,2una9767
2,jc1k3fki
2,5s3lghj6
2,94xsyvux
2,3svnvozz
2,nzz852lx
2,54auaa78
2,nhzamju7
2,kcvtvki1
2,og3myz22
2,zytu7wue
2,7gcuwge4
2,59gmu16g
2,6rcezxjx
2,oc0edgd2
2,621qzpqd
2,n1nh1fhu
2,hxial3gi
2,0rbgbsj8
2,7wirya95
3,8t35z4gl
3,x1gces56
3,dhszlrmo
3,bwiyp73e
3,oclvbviv
3,3pvstiz6
3,6kr2uwlq
3,jkjyh4cs
3,6u623i0w
3,3xb4lumz
3,zdv0ilti
3,gs7j6fxo
3,us7cv8ly
3,o4njvi62
3,5t38x587
3,2una9767
3,gq8pusi3
3,86ia5esh
3,c218cycl
3,fc3498d0
3,jzpwo5un
3,0rbgbsj8
3,7wirya95
3,wh9vvgv2
3,puxz2f9g
3,tkqxb1ql
3,atvxv0qb
3,1vehi4w4
3,ipoelk4h
3,855h0e1k
3,ebkwv4zo
3,fuqtwn5a
3,5xki1ulf
3,hzhj4137
3,1mpzjgk1
3,qjezak5y
3,8ityzjjh
3,j0suk34b
3,jdu4h00e
3,jc00ulx5
3,e7vwyv2a
3,rq5nqm92
3,ctikde7d
3,npojkbk5
3,ow2aijmj
3,ajbypz7g
3,nv1aa116
3,axpkbm8s
3,hrbeh0me
3,a8vwwpas
4,8t35z4gl
4,x1gces56
4,dhszlrmo
4,bwiyp73e
4,jkjyh4cs
4,6u623i0w
4,3xb4lumz
4,zdv0ilti
4,gs7j6fxo
4,us7cv8ly
4,o4njvi62
4,5t38x587
4,2una9767
4,0rbgbsj8
4,7wirya95
4,fuqtwn5a
4,5xki1ulf
4,1mpzjgk1
4,ajbypz7g
4,hrbeh0me
4,a8vwwpas
4,zkz8e1vd
4,eu3rry7p
4,1sbj2wzd
4,vb5qxq3u
4,uo7fb10k
4,fzd4o4xd
4,m6y8p3zd
4,ix4zo0ha
4,00s3wgem
4,tnfgbl05
4,7l91ktd8
4,8pny06oc
4,s19pa1z1
4,ztcyvsoi
4,fmetxqqf
4,8nl1gywe
4,mvsnybbo
4,4j3fdjlg
4,xt6cq31n
4,4ncgdam4
4,iat80b4l
4,f1e6hs11
4,j061ywrl
4,mmkrwj8t
4,9tgnx7du
4,00ijeoy9
4,e5nxkvo7
4,od97az43
4,n9yq8enz
5,7hqn997j
5,8t35z4gl
5,zbpvqsqb
5,6tsvv3tv
5,8na0nn5s
5,x11t9pbv
5,bzvdkxu9
5,3xb4lumz
5,u3n60qjw
5,y3joi01a
5,41q1bm13
5,9zy7xqig
5,rovmpj0v
5,gs7j6fxo
5,o4njvi62
5,5t38x587
5,qejmwvst
5,oqc9h2lu
5,xyq7iq9j
5,vobslprh
5,fwqdx224
5,eva0soja
5,3uohifp9
5,seaa46hz
5,lbv69du4
5,hr2g5ww6
5,7t9jr2qk
5,ttwhmtre
5,tj4deqfw
5,gzao2fo6
5,0rbgbsj8
5,dkqxfqk6
5,kj6di0ut
5,5j4nt2qs
5,jadzias9
5,c02nnr8a
5,kv1zyy58
5,uf9sx5qi
5,vm1o1cel
5,2fpfvqdn
5,6sybvdjj
5,3o0hv92q
5,fd6ms72m
5,k05cdqlw
5,niiqi4rd
5,zrmkq3mz
5,1klftvzo
5,31jszjzo
5,mo4luyx6
5,n8fwy791
6,6u623i0w
6,n5du3bqt
6,m92zffz9
6,k1adcls8
6,2jbw4spu
6,ibac3d0q
6,6f8vyziv
6,p0rqg7uk
6,m8n2p55z
6,bqbj660w
6,x7xqli3g
6,8t35z4gl
6,x1gces56
6,dhszlrmo
6,bwiyp73e
6,1f3r80r5
6,rhmywn8n
6,tko3k0nf
6,afdmegq0
6,1b3pigtl
6,qdgqif5j
6,zij2wbzs
6,gloxcpzq
6,5gnbrnt4
6,tk1q4wkp
6,7vhcf929
6,o1alklje
6,63ddlh20
6,hzahejqk
6,nk3ay4jr
6,6sf41rsj
6,5jeku9j1
6,oc0edgd2
6,1kxxg0s9
6,yj9tfemw
6,4cw34pm9
6,hlelt074
6,hs9cbsq1
6,3khv6yrc
6,bkq5gpg8
6,i0586vfw
6,arnuoufn
6,modtthxx
6,4gaa14ly
6,6kpgt70s
6,jm8yhngf
6,pbr93xkb
6,9wadja0w
6,pvlg3nkp
6,uutap3da
7,ze9fl3se
7,3g75spkc
7,vijh6x1l
7,zea51el3
7,8t35z4gl
7,x1gces56
7,dhszlrmo
7,bwiyp73e
7,rko7qdqk
7,7d5q0g0s
7,qjma4rsp
7,o1alklje
7,m9yv4qkm
7,cxt9oq0j
7,iawcsntb
7,ilxd0ih9
7,5jtzt8um
7,621qzpqd
7,gnoqoh3w
7,bah2ege0
7,jkjyh4cs
7,6u623i0w
7,3xb4lumz
7,3rhdxzj3
7,c87bbwmm
7,u7b8lmz0
7,um70ket2
7,tg37se4l
7,j061ywrl
7,do4unt7v
7,pb47bs1t
7,sd2uvd3u
7,fui9all6
7,qoukiqr7
7,knc0ruou
7,nm2bq717
7,45aru1q5
7,fxhkfjl6
7,oihyz5v7
7,ezery7l0
7,o7rmldji
7,gzou8b9k
7,o75jdx2j
7,3czpucs4
7,hetm83zg
7,u4iri70d
7,a2mjj5dt
7,ptqmuulz
7,wwqwa6im
7,i26lgvbz
8,5gnbrnt4
8,8t35z4gl
8,x1gces56
8,dhszlrmo
8,bwiyp73e
8,9in8l1f7
8,jkjyh4cs
8,6u623i0w
8,3xb4lumz
8,6fkvmk6f
8,83f0ruku
8,zdv0ilti
8,92rz2byz
8,gs7j6fxo
8,us7cv8ly
8,o4njvi62
8,5t38x587
8,2una9767
8,8bzu3jiu
8,drqnrwdl
8,x2ky94b0
8,7yymjeoz
8,f8yixsds
8,0rbgbsj8
8,7wirya95
8,c2zikoak
8,gkd1h8yi
8,xinfo9xw
8,xodngfj6
8,7bhfranq
8,buzj06i6
8,2ad1tu4s
8,fuqtwn5a
8,5xki1ulf
8,q14x0i2c
8,1mpzjgk1
8,8lud7tqx
8,ph6gm827
8,igdkz3ht
8,htd7dmn9
8,0lk8eujq
8,0d6o5w8z
8,s4ef9qob
8,fn22wv7w
8,p2gyj79j
8,12gyrmh2
8,i0vyp4mx
8,ajbypz7g
8,3pigwphx
8,4oipool1
9,jmzjfwxi
9,p63qlcnx
9,8t35z4gl
9,x1gces56
9,dhszlrmo
9,bwiyp73e
9,adf5ttfd
9,7bewt5q1
9,jkjyh4cs
9,6u623i0w
9,3xb4lumz
9,6mxxh6ha
9,y9pjgkj1
9,jtj12571
9,ca4c6b8a
9,zdv0ilti
9,2kyfboly
9,gs7j6fxo
9,us7cv8ly
9,o4njvi62
9,5t38x587
9,2una9767
9,nvilxnzl
9,i48notp6
9,8obqdbh9
9,22srds0e
9,0rbgbsj8
9,7wirya95
9,wu1ygt6w
9,jkzxjk54
9,w6scpc65
9,srpg754h
9,36d87soa
9,fuqtwn5a
9,5xki1ulf
9,qy66ih4m
9,bnzfljry
9,9xroa775
9,jvn3ijr2
9,1mpzjgk1
9,l0c69uul
9,53l0yw16
9,znm5ibc1
9,ylv3w9wz
9,fqhpaec1
9,ajbypz7g
9,hrbeh0me
9,a8vwwpas
9,zkz8e1vd
9,ou4somp2
10,ls408b2b
10,kweh1doo
10,xthtmpar
10,q5xc4m3j
10,jdfsacds
10,d4dnz2lk
10,9bi6pobg
10,le2eifv8
10,rzh7ja6a
10,xbuypaf6
10,5qa2z9jj
10,f6rx4h3r
10,l6guql8q
10,jtamxl3c
10,o8uk6if2
10,k208rpth
10,9a131e0i
10,1i5arpf8
10,all7ocnd
10,gl9w3t2i
10,43w659t1
10,n0nch8he
10,qm2qvcwk
10,g8lsrojl
10,lb0fd7ig
10,8w6vhw81
10,xcfk4efo
10,apjwnwky
10,p1jeiljo
10,tnecig63
10,9zeqigqa
10,2jd7aa2d
10,axymuyev
10,esa5700v
10,qjf23a7e
10,y1727pi6
10,06vc2y9y
10,80d9p4j8
10,gilpb3oy
10,utlponna
10,hb1r2aw7
10,44r53qhx
10,bghgfcxo
10,c9w6235b
10,4fjya9wn
10,ts3ra09u
10,y2zcwcic
10,vdrd74nz
10,6sybvdjj
10,38xlb547
11,8789ibcp
11,8t35z4gl
11,x1gces56
11,dhszlrmo
11,bwiyp73e
11,vsinwqnr
11,4pijm4fy
11,5jpvjl46
11,jkjyh4cs
11,6u623i0w
11,3xb4lumz
11,4bltio08
11,lz775vn5
11,e52wuc0h
11,sy4kiirg
11,d9f3tsk6
11,nvy1pzak
11,zdv0ilti
11,gs7j6fxo
11,us7cv8ly
11,o4njvi62
11,5t38x587
11,2una9767
11,qjr276pv
11,juom2bzb
11,x4yymqby
11,8a49f9hl
11,0rbgbsj8
11,7wirya95
11,xd7nuahh
11,y27aa1b6
11,8pyj4pou
11,95fty9yi
11,4523cwwi
11,wjdeps3h
11,h83aed9u
11,b04lq3b2
11,1oqm5u7q
11,jdfsacds
11,1ixylnny
11,fuqtwn5a
11,5xki1ulf
11,v4t6ca0c
11,05vx82oo
11,vi51uons
11,eqko1gue
11,k9fuegol
11,1mpzjgk1
11,95sck64d
11,3n7f5c0t
12,8t35z4gl
12,x1gces56
12,dhszlrmo
12,bwiyp73e
12,q03884i9
12,dcx6cv2q
12,4qrssc82
12,zrx8l9d7
12,mbdj3r0m
12,bpu3hpbn
12,jkjyh4cs
12,6u623i0w
12,3xb4lumz
12,u1c20tb3
12,r044iimd
12,9hrrkqgi
12,scyndvq8
12,gdsh8wmv
12,sy4kiirg
12,rr7r7ef0
12,zdv0ilti
12,u8goc7io
12,gs7j6fxo
12,us7cv8ly
12,o4njvi62
12,5t38x587
12,2una9767
12,jat60k8t
12,qp13h0un
12,47goscew
12,ezz0fcbb
12,346lwjr8
12,venpta28
12,n0vmb946
12,qejmwvst
12,e2p46wa8
12,obehsz2z
12,2g6jxi5k
12,7htcicqg
12,nf2vd6o1
12,nbn42eo0
12,zec7hphk
12,64igat2s
12,8b9hbpzs
12,jnz5by5w
12,rr36a3my
12,ueqlhgn0
12,px0twvhs
12,0rbgbsj8
12,7wirya95
13,6u623i0w
13,zdv0ilti
13,5gnbrnt4
13,s19pa1z1
13,ztcyvsoi
13,8t35z4gl
13,x1gces56
13,dhszlrmo
13,bwiyp73e
13,9tgnx7du
13,od97az43
13,befehafo
13,jkjyh4cs
13,3xb4lumz
13,7x77e4m5
13,5jk3u9b8
13,ywia2ok7
13,ieobv7q8
13,49dkucxd
13,3wdquuzy
13,r66eulqj
13,fj8nhgyl
13,royt8bo6
13,lm2ixz8n
13,w9hq4kj0
13,gs7j6fxo
13,us7cv8ly
13,o4njvi62
13,5t38x587
13,2una9767
13,a89300pd
13,28lmzw9u
13,7d7i3cc8
13,z6fd4yua
13,yti2nukb
13,50jgbtnr
13,b1y9yvsv
13,riar0t5w
13,wtmjt3hf
13,3wbn42j3
13,0rbgbsj8
13,7wirya95
13,eylpfrj3
13,010vptx3
13,xtmozkf6
13,xxxdjfbc
13,4ah705nc
13,kgzegwon
13,40nykp4m
13,8g8xpazu
14,d91t5o01
14,px0twvhs
14,nu98xedb
14,8t35z4gl
14,x1gces56
14,dhszlrmo
14,bwiyp73e
14,k4f79dr4
14,etnf4i8v
14,uicvudil
14,z2q063sa
14,5jccb3nh
14,ixpt6jnr
14,qofpdu1l
14,v5egtgdo
14,sqxlnk9e
14,pbddwyyi
14,jkjyh4cs
14,6u623i0w
14,3xb4lumz
14,f0ny4ur5
14,26gdd1r3
14,fx9ibkuf
14,h9brighg
14,oen0ycsr
14,zdv0ilti
14,gs7j6fxo
14,us7cv8ly
14,o4njvi62
14,5t38x587
14,2una9767
14,a8us3r6c
14,rlppb9mj
14,0rbgbsj8
14,7wirya95
14,ut0yp4kz
14,o7pz0rst
14,6p592gwa
14,es1xllm0
14,fuqtwn5a
14,5xki1ulf
14,3fflt6a3
14,mr4v0hkn
14,1mpzjgk1
14,0nj1hmma
14,cqin4o8l
14,jjw560vw
14,ajbypz7g
14,hrbeh0me
14,a8vwwpas
15,8t35z4gl
15,x1gces56
15,dhszlrmo
15,bwiyp73e
15,f5ewl2vc
15,jkjyh4cs
15,6u623i0w
15,3xb4lumz
15,huesjfq6
15,zdv0ilti
15,gs7j6fxo
15,us7cv8ly
15,o4njvi62
15,5t38x587
15,2una9767
15,r4argyel
15,zjab7o2o
15,kgzegwon
15,0rbgbsj8
15,7wirya95
15,d9zu9an6
15,qohf9pxp
15,fuqtwn5a
15,5xki1ulf
15,1mpzjgk1
15,qkbfuayo
15,q0cml3rz
15,qjb36hkg
15,11060ijh
15,j5k6hwyd
15,ajbypz7g
15,gyvvcnuf
15,hrbeh0me
15,a8vwwpas
15,zkz8e1vd
15,a63g5qeo
15,wmpjfc02
15,znuzzpzj
15,waqyr9tq
15,4od8qt36
15,wuixnqy5
15,c1d7pava
15,eu3rry7p
15,1sbj2wzd
15,vb5qxq3u
15,uo7fb10k
15,fzd4o4xd
15,75u57fw1
15,cnxk5fhr
15,pocccocr
16,bbtaxlpn
16,jqlrgv47
16,8t35z4gl
16,x1gces56
16,dhszlrmo
16,bwiyp73e
16,xrgnt6l5
16,h9gj814e
16,fpckqvr5
16,a1c2zppi
16,k2uydo6j
16,jkjyh4cs
16,6u623i0w
16,3xb4lumz
16,w375nabi
16,1ktj39cc
16,7mzu8xpr
16,wtmjt3hf
16,50jgbtnr
16,q5egb5nz
16,zdv0ilti
16,gs7j6fxo
16,us7cv8ly
16,o4njvi62
16,5t38x587
16,2una9767
16,rppsmirp
16,8qauo907
16,80ev0j5a
16,8h4ur2d8
16,6kkqoh7f
16,khpc9f98
16,ppnt0ats
16,6lsvjfqb
16,1oqm5u7q
16,b62i3m8u
16,tnh0szvz
16,5wpq72vy
16,ecu1repo
16,jljpb7rv
16,zxn7psir
16,wiruhhyz
16,do5zadco
16,3caevjvh
16,ejidqmpm
16,garchpin
16,xzj4j5vp
16,qfnu319w
16,22eam8yw
16,0rbgbsj8
17,fk2wc715
17,5a8yb708
17,gc32tz2x
17,8t35z4gl
17,x1gces56
17,dhszlrmo
17,bwiyp73e
17,d82sj80v
17,rogv6xtv
17,kptkmgdm
17,ceab6yjj
17,y4yil922
17,1a0fj900
17,jtx7ni9b
17,x00c3eex
17,b518n9dx
17,rpwccvqi
17,zdfx3zo3
17,60qw00zc
17,8nl1gywe
17,mvsnybbo
17,wmpjfc02
17,igoz2ei4
17,2t3g8ve8
17,61fmul8c
17,jkjyh4cs
17,6u623i0w
17,3xb4lumz
17,sbryreho
17,g7w2vywe
17,ce8hrh5e
17,nng1ct8p
17,h3mdrikn
17,ikr6eeov
17,vxqdfiel
17,01es0zv4
17,7e8zlt3t
17,vltw590b
17,20hk99h4
17,g9559ux3
17,iwsa760n
17,3jnszsrg
17,jlqee1b8
17,hbfby8vr
17,f3lv7o4d
17,snncv0c6
17,l39na6s8
17,g0iwfpkg
17,qe56u93a
17,uyze6dtu
18,me04brw1
18,w2c01295
18,1ok0k174
18,wzmfmcpt
18,8t35z4gl
18,x1gces56
18,dhszlrmo
18,bwiyp73e
18,z86g8dzs
18,z68tl88x
18,q5egb5nz
18,c78vokcc
18,r66eulqj
18,befehafo
18,hq0owf31
18,ahhrs3sy
18,i6hut28h
18,51thatw6
18,9nrucfw1
18,573godis
18,jkjyh4cs
18,6u623i0w
18,3xb4lumz
18,2mjs1p7t
18,lwt83ts2
18,j69s6rei
18,v3cgj0vd
18,05vx82oo
18,28utunid
18,btj4ckkz
18,oid5bok9
18,14x4uqq7
18,umvrwgaw
18,sqr11fpv
18,2ikxxaec
18,b1y9yvsv
18,9jnixy2b
18,zdv0ilti
18,gs7j6fxo
18,us7cv8ly
18,o4njvi62
18,5t38x587
18,2una9767
18,ropgq7tr
18,tev33cjh
18,gy1rwgop
18,4s6vxmy7
18,mfb2or98
18,hn0hh1cl
18,4sitkqkm
19,c5l2r3kj
19,08dk0ur6
19,8t35z4gl
19,x1gces56
19,dhszlrmo
19,bwiyp73e
19,jd764wk4
19,mf0k7h27
19,mcmazu1v
19,br0oxhc3
19,zhauwxye
19,jkjyh4cs
19,6u623i0w
19,3xb4lumz
19,wgsl0wem
19,cza4qsv5
19,gtmpd7t0
19,v82oezkq
19,qlm83r6n
19,ycrrsr5c
19,zdv0ilti
19,z59ae5d6
19,gs7j6fxo
19,us7cv8ly
19,o4njvi62
19,5t38x587
19,2una9767
19,skaom5z7
19,zgd60laj
19,on0dyqg7
19,yr1dq258
19,dm1wkpnv
19,a5ni1s9e
19,47ema2dq
19,kpcb2vy4
19,8o1pv9jj
19,uofygmeu
19,31srtult
19,07bl9d00
19,g37hlv19
19,rike3ukb
19,zul5kz62
19,pgsykrqx
19,8125y15e
19,gt2g1but
19,0rbgbsj8
19,7wirya95
19,i03fyaz8
19,s949v118
19,188gnf8j
20,gic43uwz
20,g0dudzi2
20,hui5jaiu
20,zutavvrf
20,fm01bijc
20,dkxhbmic
20,8n4dlkjo
20,35j928mf
20,3446eyi3
20,a9sj00y8
20,y8o6x4b3
20,8t35z4gl
20,x1gces56
20,dhszlrmo
20,bwiyp73e
20,7ibc0yvr
20,9q1mawfs
20,lhqiada4
20,7tg62meg
20,hynkb0a8
20,rq94lma3
20,gf8xn7my
20,59pnm4fn
20,hext9jv8
20,6xlb7bfa
20,a0asoy8j
20,6ph3ykfc
20,kyoa5gsf
20,x8xntne7
20,qhld3bbh
20,4p7gboaq
20,tkpkc6rz
20,x1kankxd
20,jkjyh4cs
20,6u623i0w
20,3xb4lumz
20,r8fmq65g
20,lij14ztt
20,1fp4ck88
20,tphkjqii
20,2eqrk42b
20,7h8vvim7
20,fqzczofm
20,dr1c9ttb
20,dv405298
20,h11bcb1e
20,61xioybu
20,wup6tig0
20,onpmkjaz
20,k2crv9qb
21,8t35z4gl
21,x1gces56
21,dhszlrmo
21,bwiyp73e
21,jkjyh4cs
21,6u623i0w
21,3xb4lumz
21,cqesmvk9
21,zdv0ilti
21,gs7j6fxo
21,us7cv8ly
21,o4njvi62
21,5t38x587
21,2una9767
21,6gljl7n5
21,wtmjt3hf
21,0rbgbsj8
21,7wirya95
21,fvkr77sf
21,370fqkat
21,ta1i0ata
21,zpaqd5vd
21,fuqtwn5a
21,5xki1ulf
21,efk2jj50
21,rogv6xtv
21,bl5d4xkc
21,fiptvdat
21,8guapzke
21,1mpzjgk1
21,vi51uons
21,kv5zcpf9
21,cxy1p3g8
21,2r4uty9g
21,ajbypz7g
21,idd8uq9h
21,hrbeh0me
21,a8vwwpas
21,zkz8e1vd
21,0agldesf
21,ib0cofa4
21,z8n220wv
21,vm924mxo
21,n92atcrx
21,pc83zl9k
21,u7ub7i0l
21,uei9zw6q
21,na3ccs16
21,nnlynjoy
21,uatnaro4
22,5qa2z9jj
22,8t35z4gl
22,x1gces56
22,dhszlrmo
22,bwiyp73e
22,tzuyo6tx
22,at8ad5mo
22,q5zabro0
22,jkjyh4cs
22,6u623i0w
22,3xb4lumz
22,qzv030tr
22,54vyzxjf
22,t9f080f5
22,so5zqcph
22,8p311gkk
22,x5t90x56
22,zdv0ilti
22,gs7j6fxo
22,us7cv8ly
22,o4njvi62
22,5t38x587
22,2una9767
22,eylpfrj3
22,uh8r2vyz
22,mahp1wkn
22,01es0zv4
22,6lngz7y1
22,6p9btua0
22,9l146gvr
22,0rbgbsj8
22,7wirya95
22,e6itic6z
22,rxuq3ux8
22,h41vu6vu
22,n7says5m
22,qg44ymyt
22,845w9r6l
22,hr70o8r6
22,ytwfgs20
22,aclm6q9m
22,1qhferax
22,8o884nyp
22,yhynqeo1
22,x1v4jpl4
22,19zh9evl
22,9309aig5
22,jyc1e5yh
22,22srds0e
22,zwz0z35n
23,8t35z4gl
23,x1gces56
23,dhszlrmo
23,bwiyp73e
23,njkh20sv
23,osaycpe8
23,puu8wib8
23,qctii42h
23,jkjyh4cs
23,6u623i0w
23,3xb4lumz
23,bwkad2s0
23,b5fcrapo
23,zdv0ilti
23,gs7j6fxo
23,us7cv8ly
23,o4njvi62
23,5t38x587
23,2una9767
23,4t6x32cz
23,ljicdm13
23,xwaycskl
23,2sdqehyw
23,az2t6jjx
23,0rbgbsj8
23,7wirya95
23,y4h95kb4
23,tz3hqv5g
23,8ek694p3
23,3p5eoezs
23,uzexzc5e
23,60wcvkbn
23,3rpbltd4
23,mnkwjplb
23,v662o7a8
23,61cwycg6
23,fuqtwn5a
23,5xki1ulf
23,13akn7dm
23,5efzormt
23,llzfc1r7
23,lujxql3a
23,8n4dlkjo
23,1mpzjgk1
23,mx4t6s6n
23,f372jh4t
23,o1evnvw6
23,u6uqroi0
23,k1zbw41f
23,o56j4qio
24,8t35z4gl
24,x1gces56
24,dhszlrmo
24,bwiyp73e
24,118x15od
24,bs8p50ig
24,njkh20sv
24,puu8wib8
24,u4di2tk7
24,jkjyh4cs
24,6u623i0w
24,3xb4lumz
24,b2sse5e5
24,3meiks6o
24,jmzz8wxu
24,gf8xn7my
24,vs32no7a
24,zdv0ilti
24,6wt6wzxv
24,bevg0mdx
24,gs7j6fxo
24,us7cv8ly
24,o4njvi62
24,5t38x587
24,2una9767
24,zrq3a1oi
24,uxqj5jw1
24,89ovdnxl
24,v7uwpcb1
24,otqjnh2s
24,y0svo5ka
24,ljicdm13
24,9309aig5
24,0wfsr4iw
24,lmrr4hde
24,n52mmprb
24,07hj0vkb
24,iqrxerqt
24,0rbgbsj8
24,7wirya95
24,d624q452
24,76xvzvdg
24,61t4e1eg
24,5ttmy2nj
24,b6yfgc8t
24,3bj567gr
24,60wcvkbn
24,fuqtwn5a
24,5xki1ulf
24,na2zbx8g
25,8t35z4gl
25,x1gces56
25,dhszlrmo
25,bwiyp73e
25,nyyrtget
25,3d0tmydv
25,jkjyh4cs
25,6u623i0w
25,3xb4lumz
25,biu5zxd1
25,zdv0ilti
25,gs7j6fxo
25,us7cv8ly
25,o4njvi62
25,5t38x587
25,2una9767
25,hyoyjpbd
25,8cixsjrf
25,0rbgbsj8
25,7wirya95
25,fse9npzf
25,q0hqbka3
25,hyk93ons
25,1frc4zya
25,npf7c436
25,nxm1jr0x
25,r8mn4lzv
25,phq1g2mm
25,i3ydg93k
25,jdnue7br
25,8comwpr5
25,le1mc045
25,4rj30h98
25,fuqtwn5a
25,5xki1ulf
25,rq5nqm92
25,1lnknzwa
25,94pvs340
25,1mpzjgk1
25,3yu2di1g
25,gj4vjldd
25,0jgnrl8t
25,i6bs536s
25,isw1arrp
25,fp0d03ze
25,ajbypz7g
25,9ij6cned
25,on33byyr
25,mu5a5bh8
25,hrbeh0me
26,8t35z4gl
26,x1gces56
26,dhszlrmo
26,bwiyp73e
26,k7q5evtj
26,h83aed9u
26,btp9dldg
26,jkjyh4cs
26,6u623i0w
26,3xb4lumz
26,jat60k8t
26,vww8ypyz
26,aqsfi30i
26,imv0sc9y
26,6y21p3n6
26,qjr276pv
26,c0eojsvd
26,fj8nhgyl
26,3087o3g0
26,hv0cwf6d
26,qtdl384t
26,jxqidbr2
26,jai0xbwr
26,zdv0ilti
26,gs7j6fxo
26,us7cv8ly
26,o4njvi62
26,5t38x587
26,2una9767
26,svgguadm
26,9g4om4sf
26,9pz3phtd
26,c95lntyp
26,plxz5mkg
26,j40zj4al
26,jh04b55m
26,04zbbyii
26,6vmfa6qx
26,wmfcwqfw
26,6o4scan1
26,teywszlm
26,c54ti9zv
26,4u3bmb0e
26,13akn7dm
26,wap7lo05
26,0rbgbsj8
26,7wirya95
26,8g6julo6
26,d9f3tsk6
26,h2qq03ng
27,nlzdto1h
27,8t35z4gl
27,x1gces56
27,dhszlrmo
27,bwiyp73e
27,tpltmho1
27,jkjyh4cs
27,6u623i0w
27,3xb4lumz
27,hv0cwf6d
27,wivzfv6t
27,tiz12unx
27,d7m0s10o
27,wxvy01cg
27,qwngx01h
27,d0fonyex
27,xwvtjm6s
27,atnz63pk
27,jdy0os21
27,pvb5c4ih
27,5wpq72vy
27,jnq52q6v
27,1tq4z3uw
27,h1afpc9x
27,fjnhoai4
27,pxfwe67t
27,1ew0p6x7
27,zdv0ilti
27,54260tth
27,bmsmegbs
27,gs7j6fxo
27,us7cv8ly
27,o4njvi62
27,5t38x587
27,2una9767
27,90tccg03
27,e8mj6ecl
27,wl0wlxh6
27,pth2d40p
27,6qsk6mij
27,xcu80tcp
27,zbzrxuoh
27,7xb7hj9u
27,hd4qul4t
27,uofy7jyx
27,nadzy6lm
27,0rbgbsj8
27,7wirya95
27,ahhrs3sy
27,9d5g5xaw
28,njq5pc58
28,9jnixy2b
28,8t35z4gl
28,x1gces56
28,dhszlrmo
28,bwiyp73e
28,ulkty104
28,0lk8eujq
28,qe56u93a
28,60qw00zc
28,wmpjfc02
28,fhy2z49t
28,cpq3fyzn
28,sdij1d90
28,ikr6eeov
28,jkjyh4cs
28,6u623i0w
28,3xb4lumz
28,zhfrgaxf
28,tdlcb9bf
28,gkes9a16
28,bzt6jsyi
28,rqeultbq
28,w1au4pyl
28,4ifdy2eh
28,3egv50vb
28,tkqmu1va
28,fxqseibh
28,vvexfg1c
28,zdv0ilti
28,jk62qn0z
28,gs7j6fxo
28,us7cv8ly
28,o4njvi62
28,5t38x587
28,2una9767
28,2hbcbvt6
28,ujomta30
28,n47jui5f
28,0ux66xsj
28,b0aaozmn
28,5o9bbspc
28,fckn8ld4
28,jai0xbwr
28,1q39v843
28,2f6nj4to
28,lhqiada4
28,0rbgbsj8
28,7wirya95
28,j3sp3dq9
29,e357zmsj
29,9jnixy2b
29,8t35z4gl
29,x1gces56
29,dhszlrmo
29,bwiyp73e
29,r4snyxr9
29,spqoikin
29,ju35nyir
29,jkjyh4cs
29,6u623i0w
29,3xb4lumz
29,0b77duc8
29,zdv0ilti
29,7jhjlxtf
29,gs7j6fxo
29,us7cv8ly
29,o4njvi62
29,5t38x587
29,2una9767
29,b0aaozmn
29,j5nmifhj
29,3hgmuyn4
29,4h73lukj
29,vxqdfiel
29,wfgmvy9i
29,r88zb7t4
29,mmcszoxb
29,m0q7rm6z
29,4yuw7jo3
29,pvfk33i8
29,7cjm2yp0
29,b4mdiont
29,0rbgbsj8
29,7wirya95
29,547q3vf6
29,bqemz1eu
29,b4u63jgo
29,p5ceve0x
29,33o17tl6
29,ngvfz9dn
29,0b0fvnhn
29,9q7zbmwp
29,bisheysk
29,fuqtwn5a
29,5xki1ulf
29,sbf9qi6g
29,zb434ve3
29,c0r2nbzo
29,sywk7014
30,fxi8ss2s
30,tpp40j0g
30,b518n9dx
30,zdfx3zo3
30,8t35z4gl
30,x1gces56
30,dhszlrmo
30,bwiyp73e
30,x50tvq3a
30,7e8zlt3t
30,01es0zv4
30,xw8o189s
30,jkjyh4cs
30,6u623i0w
30,3xb4lumz
30,nz8qvuw6
30,gqqdx2r5
30,bpou9p89
30,p6uliadr
30,46zui1sl
30,b0aaozmn
30,gpr86lxe
30,pgxew3yk
30,zdv0ilti
30,bzeqs5oh
30,gs7j6fxo
30,us7cv8ly
30,o4njvi62
30,5t38x587
30,2una9767
30,rl3801n6
30,2jei05lk
30,uc3slu8q
30,rw7shrbs
30,aosmo568
30,393k3lq6
30,o1ff4hex
30,7v7pzclb
30,0rbgbsj8
30,7wirya95
30,qpa6tk6v
30,khxdk8t8
30,juz9jnfk
30,7fdcu2f0
30,n0mz098o
30,fybbnn46
30,yzrni12u
30,zb434ve3
30,vxqdfiel
30,zv0ysi8m
31,yp4o3crk
31,bltjbxr0
31,0ln9r2nq
31,8t35z4gl
31,x1gces56
31,dhszlrmo
31,bwiyp73e
31,q9t6yv6r
31,9fngwsh3
31,2rhcz41w
31,jkjyh4cs
31,6u623i0w
31,3xb4lumz
31,dmtb3icf
31,h180nsed
31,mg2zikyp
31,nlzdto1h
31,jqjtbkda
31,dtv7to3l
31,8vxqr3mc
31,zdv0ilti
31,gs7j6fxo
31,us7cv8ly
31,o4njvi62
31,5t38x587
31,2una9767
31,0ybn2igj
31,pqvlh3eg
31,c813ttt2
31,ugc7ce21
31,1pxacoi4
31,ktet18wl
31,eruilkrq
31,t0znjpx9
31,0rbgbsj8
31,7wirya95
31,m1j6v33y
31,sgq4zr72
31,imyvmgdk
31,zkudc8ww
31,f526k9q1
31,rsifxvtj
31,k9qiwy1b
31,9m10jl7r
31,z0k2ui3y
31,ekal5251
31,n5du3bqt
31,79idq4ze
31,zw6qf621
31,v5dxnexq
32,8t35z4gl
32,x1gces56
32,dhszlrmo
32,bwiyp73e
32,jkjyh4cs
32,6u623i0w
32,3xb4lumz
32,hsmfd4vd
32,d25dph83
32,zdv0ilti
32,gs7j6fxo
32,us7cv8ly
32,o4njvi62
32,5t38x587
32,2una9767
32,kzs8rbmp
32,bf1eok3s
32,3lgjo8e8
32,pfamlz3g
32,0rbgbsj8
32,7wirya95
32,2okcuviq
32,ez731lif
32,k1wd7ymj
32,vvo8a4hp
32,newf1dqx
32,u6ewlh16
32,auwm2qj0
32,fuqtwn5a
32,5xki1ulf
32,z122v1uz
32,1mpzjgk1
32,kcyao9i9
32,gdpiaxbr
32,9sk11214
32,exf1mh36
32,14gcu1se
32,ajbypz7g
32,hrbeh0me
32,a8vwwpas
32,zkz8e1vd
32,rqzdkyas
32,gchn4j9x
32,wci56l0c
32,0bma2749
32,bu8vq65n
32,cp6he5mc
32,bujydnde
32,mid2w6yo
32,tcz01unx
33,o6rwqnu2
33,8t35z4gl
33,x1gces56
33,dhszlrmo
33,bwiyp73e
33,4vkag60z
33,81wv1s33
33,w9rqnz9h
33,app590vw
33,zpi7uis1
33,itrv27tm
33,hmeg2t9m
33,oc0edgd2
33,68sbqdi3
33,4cia91cq
33,qfe780yj
33,spkg3hbv
33,t0d8wtvp
33,z5q82rmp
33,ogb83fgc
33,tm8fzbue
33,jkjyh4cs
33,6u623i0w
33,3xb4lumz
33,vbibyj32
33,1xf2sxtv
33,dkqxfqk6
33,bb5dnbbt
33,xv0esvos
33,ljlo42ry
33,i3f50lys
33,wfaqim7d
33,ivmpbuwf
33,1n69h3i3
33,befehafo
33,c7bmrjzi
33,pv1k5yun
33,30f8kmx7
33,4vx7ez7s
33,sp87qdkr
33,vevsgkp6
33,kv9n2qj3
33,cg7wqc0q
33,oxybanjl
33,6o2upns3
33,ikq9t2v7
33,ltyqrg81
33,4vl0cvyq
33,4ejtmoht
33,m1bvurwi
34,8t35z4gl
34,x1gces56
34,dhszlrmo
34,bwiyp73e
34,gd5btv69
34,jkjyh4cs
34,6u623i0w
34,3xb4lumz
34,0is1vyhy
34,zdv0ilti
34,gs7j6fxo
34,us7cv8ly
34,o4njvi62
34,5t38x587
34,2una9767
34,i9uhpu34
34,qeqq3kwb
34,7kwkla73
34,qohf9pxp
34,6g34qwer
34,eujbxdqi
34,0rbgbsj8
34,7wirya95
34,xbzl4q24
34,wh9vvgv2
34,wovftw3l
34,4989atst
34,ckay4ufw
34,gdxvbspx
34,q9za0pj2
34,fuqtwn5a
34,5xki1ulf
34,k1hx1m61
34,fkfltedm
34,ln8ddyuj
34,u4di2tk7
34,b6ajrj1m
34,sph57syw
34,o3z1qmax
34,1mpzjgk1
34,ma4fcqva
34,t0kdd34r
34,orko04fi
34,q99n2gqp
34,jarnavwl
34,vs1ml7nj
34,7v4jyzl3
34,z7mujgny
34,ajbypz7g
34,tylkbh4h
35,ztcyvsoi
35,8t35z4gl
35,x1gces56
35,dhszlrmo
35,bwiyp73e
35,4j3fdjlg
35,z0m6uuzf
35,jkjyh4cs
35,6u623i0w
35,3xb4lumz
35,notsmoi2
35,st5idleq
35,vsl94lhz
35,5imbomop
35,6uaj8fb7
35,keaxietu
35,3pqtmhob
35,oid5bok9
35,zdv0ilti
35,ds0cf78u
35,gs7j6fxo
35,us7cv8ly
35,o4njvi62
35,5t38x587
35,2una9767
35,ltofq3pp
35,o3b2yvbs
35,sdk0w6vf
35,umqowine
35,tvmytgda
35,qwngx01h
35,s5w8rf6t
35,nqfo3qtb
35,n3gamnfv
35,j40zj4al
35,shauvo3j
35,wulg3bbb
35,k31dagdy
35,a564l6vs
35,c9niqu56
35,ey4ziomv
35,66rygtoa
35,wogw2q0c
35,z0bkpmpk
35,s17vz7vf
35,nwwhk6p0
35,rwgv0973
35,iwn39b5h
35,0rbgbsj8
35,7wirya95
